hostname,os,environment,country,node
LPIRL001,Linux,Production,Ireland,001
ATITA001,AIX,Testing,Italy,001
STDEU001,Solaris,Testing,Germany,001
ADITA001,AIX,Development,Italy,001
HDFRA001,HP-UX,Development,France,001
LDFRA001,Linux,Development,France,001
APNOR001,AIX,Production,Norway,001
LDFRA002,Linux,Development,France,002
SSIRL001,Solaris,Staging,Ireland,001
LDFRA003,Linux,Development,France,003
SPESP001,Solaris,Production,Spain,001
LPIRL002,Linux,Production,Ireland,002
ATFRA001,AIX,Testing,France,001
LTDEU001,Linux,Testing,Germany,001
ASDEU001,AIX,Staging,Germany,001
APIRL001,AIX,Production,Ireland,001
APITA001,AIX,Production,Italy,001
LIESP001,Linux,Integration,Spain,001
LTITA001,Linux,Testing,Italy,001
AIDEU001,AIX,Integration,Germany,001
LSIRL001,Linux,Staging,Ireland,001
SDFRA001,Solaris,Development,France,001
ASDEU002,AIX,Staging,Germany,002
ASESP001,AIX,Staging,Spain,001
SSIRL002,Solaris,Staging,Ireland,002
LTITA002,Linux,Testing,Italy,002
SPDEU001,Solaris,Production,Germany,001
LTITA003,Linux,Testing,Italy,003
LIITA001,Linux,Integration,Italy,001
ATITA002,AIX,Testing,Italy,002
LSITA001,Linux,Staging,Italy,001
ADDEU001,AIX,Development,Germany,001
STDEU002,Solaris,Testing,Germany,002
SIESP001,Solaris,Integration,Spain,001
HPITA001,HP-UX,Production,Italy,001
SSESP001,Solaris,Staging,Spain,001
LTITA004,Linux,Testing,Italy,004
LPITA001,Linux,Production,Italy,001
ASITA001,AIX,Staging,Italy,001
SPESP002,Solaris,Production,Spain,002
LSIRL002,Linux,Staging,Ireland,002
STESP001,Solaris,Testing,Spain,001
SPITA001,Solaris,Production,Italy,001
SPESP003,Solaris,Production,Spain,003
ASNOR001,AIX,Staging,Norway,001
LPIRL003,Linux,Production,Ireland,003
APITA002,AIX,Production,Italy,002
SPDEU002,Solaris,Production,Germany,002
STFRA001,Solaris,Testing,France,001
SDESP001,Solaris,Development,Spain,001
LPESP001,Linux,Production,Spain,001
APESP001,AIX,Production,Spain,001
HTIRL001,HP-UX,Testing,Ireland,001
LSIRL003,Linux,Staging,Ireland,003
APIRL002,AIX,Production,Ireland,002
LPITA002,Linux,Production,Italy,002
SPDEU003,Solaris,Production,Germany,003
STESP002,Solaris,Testing,Spain,002
HIESP001,HP-UX,Integration,Spain,001
LPIRL004,Linux,Production,Ireland,004
SPITA002,Solaris,Production,Italy,002
LIDEU001,Linux,Integration,Germany,001
SPNOR001,Solaris,Production,Norway,001
STDEU003,Solaris,Testing,Germany,003
LSDEU001,Linux,Staging,Germany,001
SPESP004,Solaris,Production,Spain,004
LTDEU002,Linux,Testing,Germany,002
APDEU001,AIX,Production,Germany,001
LDDEU001,Linux,Development,Germany,001
LTIRL001,Linux,Testing,Ireland,001
ATIRL001,AIX,Testing,Ireland,001
HPESP001,HP-UX,Production,Spain,001
LPITA003,Linux,Production,Italy,003
SSESP002,Solaris,Staging,Spain,002
SDDEU001,Solaris,Development,Germany,001
HPIRL001,HP-UX,Production,Ireland,001
AIESP001,AIX,Integration,Spain,001
LPDEU001,Linux,Production,Germany,001
LSFRA001,Linux,Staging,France,001
STDEU004,Solaris,Testing,Germany,004
LSDEU002,Linux,Staging,Germany,002
SPIRL001,Solaris,Production,Ireland,001
ATESP001,AIX,Testing,Spain,001
SSDEU001,Solaris,Staging,Germany,001
ATITA003,AIX,Testing,Italy,003
LPIRL005,Linux,Production,Ireland,005
SSITA001,Solaris,Staging,Italy,001
APIRL003,AIX,Production,Ireland,003
LTDEU003,Linux,Testing,Germany,003
LIDEU002,Linux,Integration,Germany,002
LTITA005,Linux,Testing,Italy,005
ATIRL002,AIX,Testing,Ireland,002
LIIRL001,Linux,Integration,Ireland,001
LPITA004,Linux,Production,Italy,004
LTIRL002,Linux,Testing,Ireland,002
ADITA002,AIX,Development,Italy,002
LTIRL003,Linux,Testing,Ireland,003
SPFRA001,Solaris,Production,France,001
SIITA001,Solaris,Integration,Italy,001
LPIRL006,Linux,Production,Ireland,006
ATESP002,AIX,Testing,Spain,002
LPDEU002,Linux,Production,Germany,002
LPESP002,Linux,Production,Spain,002
LINOR001,Linux,Integration,Norway,001
SPITA003,Solaris,Production,Italy,003
LSIRL004,Linux,Staging,Ireland,004
LIIRL002,Linux,Integration,Ireland,002
LPIRL007,Linux,Production,Ireland,007
SPITA004,Solaris,Production,Italy,004
STITA001,Solaris,Testing,Italy,001
HIESP002,HP-UX,Integration,Spain,002
LPITA005,Linux,Production,Italy,005
SSESP003,Solaris,Staging,Spain,003
HDDEU001,HP-UX,Development,Germany,001
LPFRA001,Linux,Production,France,001
SSFRA001,Solaris,Staging,France,001
ASIRL001,AIX,Staging,Ireland,001
LDNOR001,Linux,Development,Norway,001
APIRL004,AIX,Production,Ireland,004
AIESP002,AIX,Integration,Spain,002
ADIRL001,AIX,Development,Ireland,001
LTIRL004,Linux,Testing,Ireland,004
HSESP001,HP-UX,Staging,Spain,001
SPESP005,Solaris,Production,Spain,005
STESP003,Solaris,Testing,Spain,003
LTESP001,Linux,Testing,Spain,001
LPDEU003,Linux,Production,Germany,003
ATIRL003,AIX,Testing,Ireland,003
APDEU002,AIX,Production,Germany,002
LIDEU003,Linux,Integration,Germany,003
ADESP001,AIX,Development,Spain,001
LPDEU004,Linux,Production,Germany,004
SPITA005,Solaris,Production,Italy,005
LIESP002,Linux,Integration,Spain,002
ADDEU002,AIX,Development,Germany,002
LSIRL005,Linux,Staging,Ireland,005
LSESP001,Linux,Staging,Spain,001
ATDEU001,AIX,Testing,Germany,001
SSESP004,Solaris,Staging,Spain,004
STESP004,Solaris,Testing,Spain,004
LTITA006,Linux,Testing,Italy,006
APFRA001,AIX,Production,France,001
APITA003,AIX,Production,Italy,003
STIRL001,Solaris,Testing,Ireland,001
LDITA001,Linux,Development,Italy,001
HIESP003,HP-UX,Integration,Spain,003
LSIRL006,Linux,Staging,Ireland,006
HPFRA001,HP-UX,Production,France,001
SPESP006,Solaris,Production,Spain,006
ATDEU002,AIX,Testing,Germany,002
SPESP007,Solaris,Production,Spain,007
LTDEU004,Linux,Testing,Germany,004
LPDEU005,Linux,Production,Germany,005
ATIRL004,AIX,Testing,Ireland,004
LSIRL007,Linux,Staging,Ireland,007
SIIRL001,Solaris,Integration,Ireland,001
HDNOR001,HP-UX,Development,Norway,001
LPFRA002,Linux,Production,France,002
SSIRL003,Solaris,Staging,Ireland,003
LTIRL005,Linux,Testing,Ireland,005
LPFRA003,Linux,Production,France,003
LDIRL001,Linux,Development,Ireland,001
LPIRL008,Linux,Production,Ireland,008
LTDEU005,Linux,Testing,Germany,005
LTITA007,Linux,Testing,Italy,007
LPIRL009,Linux,Production,Ireland,009
APIRL005,AIX,Production,Ireland,005
HDIRL001,HP-UX,Development,Ireland,001
LTITA008,Linux,Testing,Italy,008
STIRL002,Solaris,Testing,Ireland,002
HINOR001,HP-UX,Integration,Norway,001
ASITA002,AIX,Staging,Italy,002
LTDEU006,Linux,Testing,Germany,006
SDIRL001,Solaris,Development,Ireland,001
SPIRL002,Solaris,Production,Ireland,002
LSESP002,Linux,Staging,Spain,002
STDEU005,Solaris,Testing,Germany,005
SPIRL003,Solaris,Production,Ireland,003
LSIRL008,Linux,Staging,Ireland,008
SSIRL004,Solaris,Staging,Ireland,004
ATESP003,AIX,Testing,Spain,003
LSDEU003,Linux,Staging,Germany,003
SSITA002,Solaris,Staging,Italy,002
STIRL003,Solaris,Testing,Ireland,003
LTIRL006,Linux,Testing,Ireland,006
LPFRA004,Linux,Production,France,004
LSDEU004,Linux,Staging,Germany,004
HDIRL002,HP-UX,Development,Ireland,002
APDEU003,AIX,Production,Germany,003
LSESP003,Linux,Staging,Spain,003
HPESP002,HP-UX,Production,Spain,002
LDDEU002,Linux,Development,Germany,002
LSESP004,Linux,Staging,Spain,004
HPFRA002,HP-UX,Production,France,002
LSITA002,Linux,Staging,Italy,002
SPITA006,Solaris,Production,Italy,006
SSIRL005,Solaris,Staging,Ireland,005
HSNOR001,HP-UX,Staging,Norway,001
LIIRL003,Linux,Integration,Ireland,003
SDESP002,Solaris,Development,Spain,002
ASDEU003,AIX,Staging,Germany,003
SIFRA001,Solaris,Integration,France,001
LSIRL009,Linux,Staging,Ireland,009
LSESP005,Linux,Staging,Spain,005
STIRL004,Solaris,Testing,Ireland,004
LPDEU006,Linux,Production,Germany,006
ATIRL005,AIX,Testing,Ireland,005
SSIRL006,Solaris,Staging,Ireland,006
HTNOR001,HP-UX,Testing,Norway,001
HTDEU001,HP-UX,Testing,Germany,001
LSIRL010,Linux,Staging,Ireland,010
SPIRL004,Solaris,Production,Ireland,004
ADIRL002,AIX,Development,Ireland,002
LSESP006,Linux,Staging,Spain,006
LDDEU003,Linux,Development,Germany,003
HIESP004,HP-UX,Integration,Spain,004
LSDEU005,Linux,Staging,Germany,005
LPITA006,Linux,Production,Italy,006
LTDEU007,Linux,Testing,Germany,007
HTIRL002,HP-UX,Testing,Ireland,002
SSDEU002,Solaris,Staging,Germany,002
HTITA001,HP-UX,Testing,Italy,001
SPITA007,Solaris,Production,Italy,007
LSDEU006,Linux,Staging,Germany,006
HSESP002,HP-UX,Staging,Spain,002
LSDEU007,Linux,Staging,Germany,007
LPESP003,Linux,Production,Spain,003
HSFRA001,HP-UX,Staging,France,001
LPIRL010,Linux,Production,Ireland,010
STIRL005,Solaris,Testing,Ireland,005
LSDEU008,Linux,Staging,Germany,008
ASNOR002,AIX,Staging,Norway,002
APDEU004,AIX,Production,Germany,004
LIITA002,Linux,Integration,Italy,002
SSITA003,Solaris,Staging,Italy,003
HPFRA003,HP-UX,Production,France,003
LTIRL007,Linux,Testing,Ireland,007
LTESP002,Linux,Testing,Spain,002
STDEU006,Solaris,Testing,Germany,006
SSFRA002,Solaris,Staging,France,002
ATDEU003,AIX,Testing,Germany,003
APDEU005,AIX,Production,Germany,005
LPIRL011,Linux,Production,Ireland,011
ATIRL006,AIX,Testing,Ireland,006
LSDEU009,Linux,Staging,Germany,009
LDIRL002,Linux,Development,Ireland,002
LPDEU007,Linux,Production,Germany,007
SDESP003,Solaris,Development,Spain,003
LPESP004,Linux,Production,Spain,004
LIFRA001,Linux,Integration,France,001
HDDEU002,HP-UX,Development,Germany,002
SPIRL005,Solaris,Production,Ireland,005
HTIRL003,HP-UX,Testing,Ireland,003
HSIRL001,HP-UX,Staging,Ireland,001
APITA004,AIX,Production,Italy,004
LSNOR001,Linux,Staging,Norway,001
STDEU007,Solaris,Testing,Germany,007
HSIRL002,HP-UX,Staging,Ireland,002
STFRA002,Solaris,Testing,France,002
AIFRA001,AIX,Integration,France,001
LPNOR001,Linux,Production,Norway,001
LIDEU004,Linux,Integration,Germany,004
ADIRL003,AIX,Development,Ireland,003
SPIRL006,Solaris,Production,Ireland,006
LPDEU008,Linux,Production,Germany,008
APFRA002,AIX,Production,France,002
AIIRL001,AIX,Integration,Ireland,001
APITA005,AIX,Production,Italy,005
LSESP007,Linux,Staging,Spain,007
LIDEU005,Linux,Integration,Germany,005
SSDEU003,Solaris,Staging,Germany,003
SPDEU004,Solaris,Production,Germany,004
SIDEU001,Solaris,Integration,Germany,001
LPDEU009,Linux,Production,Germany,009
ATIRL007,AIX,Testing,Ireland,007
APNOR002,AIX,Production,Norway,002
ASDEU004,AIX,Staging,Germany,004
LSIRL011,Linux,Staging,Ireland,011
ATIRL008,AIX,Testing,Ireland,008
HTFRA001,HP-UX,Testing,France,001
ATESP004,AIX,Testing,Spain,004
LPIRL012,Linux,Production,Ireland,012
LPDEU010,Linux,Production,Germany,010
STIRL006,Solaris,Testing,Ireland,006
ATNOR001,AIX,Testing,Norway,001
SPDEU005,Solaris,Production,Germany,005
HSIRL003,HP-UX,Staging,Ireland,003
LIIRL004,Linux,Integration,Ireland,004
APITA006,AIX,Production,Italy,006
HTESP001,HP-UX,Testing,Spain,001
AIESP003,AIX,Integration,Spain,003
LTIRL008,Linux,Testing,Ireland,008
LTESP003,Linux,Testing,Spain,003
AIIRL002,AIX,Integration,Ireland,002
LTESP004,Linux,Testing,Spain,004
LIITA003,Linux,Integration,Italy,003
ASDEU005,AIX,Staging,Germany,005
LSITA003,Linux,Staging,Italy,003
ATDEU004,AIX,Testing,Germany,004
SPITA008,Solaris,Production,Italy,008
LDESP001,Linux,Development,Spain,001
HPITA002,HP-UX,Production,Italy,002
STIRL007,Solaris,Testing,Ireland,007
LIDEU006,Linux,Integration,Germany,006
ATDEU005,AIX,Testing,Germany,005
SSDEU004,Solaris,Staging,Germany,004
STIRL008,Solaris,Testing,Ireland,008
APESP002,AIX,Production,Spain,002
LTFRA001,Linux,Testing,France,001
LSESP008,Linux,Staging,Spain,008
ATFRA002,AIX,Testing,France,002
LPESP005,Linux,Production,Spain,005
APIRL006,AIX,Production,Ireland,006
STDEU008,Solaris,Testing,Germany,008
SPESP008,Solaris,Production,Spain,008
LTIRL009,Linux,Testing,Ireland,009
LDESP002,Linux,Development,Spain,002
SPITA009,Solaris,Production,Italy,009
LDIRL003,Linux,Development,Ireland,003
SPDEU006,Solaris,Production,Germany,006
SDIRL002,Solaris,Development,Ireland,002
ATITA004,AIX,Testing,Italy,004
LPIRL013,Linux,Production,Ireland,013
LDESP003,Linux,Development,Spain,003
STESP005,Solaris,Testing,Spain,005
ASIRL002,AIX,Staging,Ireland,002
LPESP006,Linux,Production,Spain,006
LSIRL012,Linux,Staging,Ireland,012
HPIRL002,HP-UX,Production,Ireland,002
SPIRL007,Solaris,Production,Ireland,007
LPESP007,Linux,Production,Spain,007
ASFRA001,AIX,Staging,France,001
LSDEU010,Linux,Staging,Germany,010
LPESP008,Linux,Production,Spain,008
LTIRL010,Linux,Testing,Ireland,010
LTDEU008,Linux,Testing,Germany,008
HDIRL003,HP-UX,Development,Ireland,003
STDEU009,Solaris,Testing,Germany,009
HDITA001,HP-UX,Development,Italy,001
STIRL009,Solaris,Testing,Ireland,009
LTESP005,Linux,Testing,Spain,005
LSESP009,Linux,Staging,Spain,009
LSNOR002,Linux,Staging,Norway,002
LTDEU009,Linux,Testing,Germany,009
LSDEU011,Linux,Staging,Germany,011
LPESP009,Linux,Production,Spain,009
LSIRL013,Linux,Staging,Ireland,013
APFRA003,AIX,Production,France,003
ATIRL009,AIX,Testing,Ireland,009
LSIRL014,Linux,Staging,Ireland,014
SIDEU002,Solaris,Integration,Germany,002
LTDEU010,Linux,Testing,Germany,010
LPIRL014,Linux,Production,Ireland,014
SDITA001,Solaris,Development,Italy,001
HPFRA004,HP-UX,Production,France,004
SSIRL007,Solaris,Staging,Ireland,007
AIITA001,AIX,Integration,Italy,001
APIRL007,AIX,Production,Ireland,007
SPIRL008,Solaris,Production,Ireland,008
LPDEU011,Linux,Production,Germany,011
SSFRA003,Solaris,Staging,France,003
LSNOR003,Linux,Staging,Norway,003
LPIRL015,Linux,Production,Ireland,015
LDITA002,Linux,Development,Italy,002
APFRA004,AIX,Production,France,004
APIRL008,AIX,Production,Ireland,008
LTIRL011,Linux,Testing,Ireland,011
HSESP003,HP-UX,Staging,Spain,003
LIIRL005,Linux,Integration,Ireland,005
LSIRL015,Linux,Staging,Ireland,015
ATDEU006,AIX,Testing,Germany,006
ASDEU006,AIX,Staging,Germany,006
APESP003,AIX,Production,Spain,003
LTIRL012,Linux,Testing,Ireland,012
SPNOR002,Solaris,Production,Norway,002
LSESP010,Linux,Staging,Spain,010
SDIRL003,Solaris,Development,Ireland,003
SSFRA004,Solaris,Staging,France,004
LTESP006,Linux,Testing,Spain,006
SIDEU003,Solaris,Integration,Germany,003
APITA007,AIX,Production,Italy,007
LSIRL016,Linux,Staging,Ireland,016
LDESP004,Linux,Development,Spain,004
LDESP005,Linux,Development,Spain,005
SSDEU005,Solaris,Staging,Germany,005
HPITA003,HP-UX,Production,Italy,003
LSIRL017,Linux,Staging,Ireland,017
SPITA010,Solaris,Production,Italy,010
HTITA002,HP-UX,Testing,Italy,002
AIIRL003,AIX,Integration,Ireland,003
SSIRL008,Solaris,Staging,Ireland,008
LPFRA005,Linux,Production,France,005
HPDEU001,HP-UX,Production,Germany,001
SSFRA005,Solaris,Staging,France,005
LTFRA002,Linux,Testing,France,002
LPDEU012,Linux,Production,Germany,012
SDITA002,Solaris,Development,Italy,002
HPESP003,HP-UX,Production,Spain,003
SSIRL009,Solaris,Staging,Ireland,009
LPFRA006,Linux,Production,France,006
ATDEU007,AIX,Testing,Germany,007
LTESP007,Linux,Testing,Spain,007
SPDEU007,Solaris,Production,Germany,007
LTNOR001,Linux,Testing,Norway,001
LSESP011,Linux,Staging,Spain,011
LTIRL013,Linux,Testing,Ireland,013
SSITA004,Solaris,Staging,Italy,004
APDEU006,AIX,Production,Germany,006
APIRL009,AIX,Production,Ireland,009
STFRA003,Solaris,Testing,France,003
HPESP004,HP-UX,Production,Spain,004
STITA002,Solaris,Testing,Italy,002
HINOR002,HP-UX,Integration,Norway,002
LDIRL004,Linux,Development,Ireland,004
SIESP002,Solaris,Integration,Spain,002
LPITA007,Linux,Production,Italy,007
LDIRL005,Linux,Development,Ireland,005
LPITA008,Linux,Production,Italy,008
SPFRA002,Solaris,Production,France,002
ATIRL010,AIX,Testing,Ireland,010
LSFRA002,Linux,Staging,France,002
LTIRL014,Linux,Testing,Ireland,014
LIIRL006,Linux,Integration,Ireland,006
LDIRL006,Linux,Development,Ireland,006
ASITA003,AIX,Staging,Italy,003
LTNOR002,Linux,Testing,Norway,002
AINOR001,AIX,Integration,Norway,001
SPESP009,Solaris,Production,Spain,009
LTDEU011,Linux,Testing,Germany,011
SSIRL010,Solaris,Staging,Ireland,010
LTESP008,Linux,Testing,Spain,008
LPESP010,Linux,Production,Spain,010
SDIRL004,Solaris,Development,Ireland,004
LTITA009,Linux,Testing,Italy,009
APIRL010,AIX,Production,Ireland,010
AIDEU002,AIX,Integration,Germany,002
LTIRL015,Linux,Testing,Ireland,015
LTNOR003,Linux,Testing,Norway,003
STITA003,Solaris,Testing,Italy,003
HTESP002,HP-UX,Testing,Spain,002
STDEU010,Solaris,Testing,Germany,010
SIIRL002,Solaris,Integration,Ireland,002
HPITA004,HP-UX,Production,Italy,004
LTIRL016,Linux,Testing,Ireland,016
SPITA011,Solaris,Production,Italy,011
STIRL010,Solaris,Testing,Ireland,010
ATNOR002,AIX,Testing,Norway,002
LPIRL016,Linux,Production,Ireland,016
AIDEU003,AIX,Integration,Germany,003
STESP006,Solaris,Testing,Spain,006
LTNOR004,Linux,Testing,Norway,004
HPITA005,HP-UX,Production,Italy,005
ATIRL011,AIX,Testing,Ireland,011
SPFRA003,Solaris,Production,France,003
LPDEU013,Linux,Production,Germany,013
LTITA010,Linux,Testing,Italy,010
LTDEU012,Linux,Testing,Germany,012
LPITA009,Linux,Production,Italy,009
HDFRA002,HP-UX,Development,France,002
SSFRA006,Solaris,Staging,France,006
SPIRL009,Solaris,Production,Ireland,009
LSESP012,Linux,Staging,Spain,012
LTESP009,Linux,Testing,Spain,009
SSFRA007,Solaris,Staging,France,007
LPESP011,Linux,Production,Spain,011
APIRL011,AIX,Production,Ireland,011
ATIRL012,AIX,Testing,Ireland,012
HPIRL003,HP-UX,Production,Ireland,003
SDNOR001,Solaris,Development,Norway,001
LTFRA003,Linux,Testing,France,003
HPESP005,HP-UX,Production,Spain,005
SPDEU008,Solaris,Production,Germany,008
HIDEU001,HP-UX,Integration,Germany,001
STIRL011,Solaris,Testing,Ireland,011
LIITA004,Linux,Integration,Italy,004
LTIRL017,Linux,Testing,Ireland,017
HPNOR001,HP-UX,Production,Norway,001
APFRA005,AIX,Production,France,005
ASITA004,AIX,Staging,Italy,004
SSFRA008,Solaris,Staging,France,008
SPFRA004,Solaris,Production,France,004
SSDEU006,Solaris,Staging,Germany,006
STDEU011,Solaris,Testing,Germany,011
ADESP002,AIX,Development,Spain,002
LPESP012,Linux,Production,Spain,012
LPITA010,Linux,Production,Italy,010
HPIRL004,HP-UX,Production,Ireland,004
APIRL012,AIX,Production,Ireland,012
HTNOR002,HP-UX,Testing,Norway,002
LTDEU013,Linux,Testing,Germany,013
LTDEU014,Linux,Testing,Germany,014
LSESP013,Linux,Staging,Spain,013
ASESP002,AIX,Staging,Spain,002
APIRL013,AIX,Production,Ireland,013
SIFRA002,Solaris,Integration,France,002
SDDEU002,Solaris,Development,Germany,002
STESP007,Solaris,Testing,Spain,007
LPESP013,Linux,Production,Spain,013
SDITA003,Solaris,Development,Italy,003
LDIRL007,Linux,Development,Ireland,007
LTESP010,Linux,Testing,Spain,010
LTESP011,Linux,Testing,Spain,011
LPDEU014,Linux,Production,Germany,014
ATIRL013,AIX,Testing,Ireland,013
LSIRL018,Linux,Staging,Ireland,018
ASIRL003,AIX,Staging,Ireland,003
HTITA003,HP-UX,Testing,Italy,003
SPNOR003,Solaris,Production,Norway,003
LPIRL017,Linux,Production,Ireland,017
SSITA005,Solaris,Staging,Italy,005
SPESP010,Solaris,Production,Spain,010
SPESP011,Solaris,Production,Spain,011
ASIRL004,AIX,Staging,Ireland,004
SSESP005,Solaris,Staging,Spain,005
ATFRA003,AIX,Testing,France,003
APITA008,AIX,Production,Italy,008
APIRL014,AIX,Production,Ireland,014
ASESP003,AIX,Staging,Spain,003
ADFRA001,AIX,Development,France,001
APIRL015,AIX,Production,Ireland,015
HIITA001,HP-UX,Integration,Italy,001
STITA004,Solaris,Testing,Italy,004
SSFRA009,Solaris,Staging,France,009
STIRL012,Solaris,Testing,Ireland,012
LTIRL018,Linux,Testing,Ireland,018
LSIRL019,Linux,Staging,Ireland,019
STESP008,Solaris,Testing,Spain,008
ASIRL005,AIX,Staging,Ireland,005
LTNOR005,Linux,Testing,Norway,005
LDFRA004,Linux,Development,France,004
LTIRL019,Linux,Testing,Ireland,019
STITA005,Solaris,Testing,Italy,005
LSDEU012,Linux,Staging,Germany,012
LDITA003,Linux,Development,Italy,003
SPDEU009,Solaris,Production,Germany,009
SDFRA002,Solaris,Development,France,002
LTIRL020,Linux,Testing,Ireland,020
SSITA006,Solaris,Staging,Italy,006
HTIRL004,HP-UX,Testing,Ireland,004
APIRL016,AIX,Production,Ireland,016
APITA009,AIX,Production,Italy,009
SDNOR002,Solaris,Development,Norway,002
LPIRL018,Linux,Production,Ireland,018
SSESP006,Solaris,Staging,Spain,006
SSIRL011,Solaris,Staging,Ireland,011
LIESP003,Linux,Integration,Spain,003
ASDEU007,AIX,Staging,Germany,007
ATITA005,AIX,Testing,Italy,005
LTFRA004,Linux,Testing,France,004
ADDEU003,AIX,Development,Germany,003
LSESP014,Linux,Staging,Spain,014
SPITA012,Solaris,Production,Italy,012
SIIRL003,Solaris,Integration,Ireland,003
SDFRA003,Solaris,Development,France,003
LSFRA003,Linux,Staging,France,003
SPFRA005,Solaris,Production,France,005
HTIRL005,HP-UX,Testing,Ireland,005
STITA006,Solaris,Testing,Italy,006
SSITA007,Solaris,Staging,Italy,007
LTESP012,Linux,Testing,Spain,012
LSITA004,Linux,Staging,Italy,004
AIFRA002,AIX,Integration,France,002
HPDEU002,HP-UX,Production,Germany,002
SPITA013,Solaris,Production,Italy,013
SPDEU010,Solaris,Production,Germany,010
LPDEU015,Linux,Production,Germany,015
LTDEU015,Linux,Testing,Germany,015
LDDEU004,Linux,Development,Germany,004
LSESP015,Linux,Staging,Spain,015
LSITA005,Linux,Staging,Italy,005
ASIRL006,AIX,Staging,Ireland,006
LTNOR006,Linux,Testing,Norway,006
LSIRL020,Linux,Staging,Ireland,020
LTFRA005,Linux,Testing,France,005
LSESP016,Linux,Staging,Spain,016
STFRA004,Solaris,Testing,France,004
LTITA011,Linux,Testing,Italy,011
HSESP004,HP-UX,Staging,Spain,004
HPDEU003,HP-UX,Production,Germany,003
SDESP004,Solaris,Development,Spain,004
LSDEU013,Linux,Staging,Germany,013
ASDEU008,AIX,Staging,Germany,008
SDIRL005,Solaris,Development,Ireland,005
SDITA004,Solaris,Development,Italy,004
SPESP012,Solaris,Production,Spain,012
LPITA011,Linux,Production,Italy,011
LTIRL021,Linux,Testing,Ireland,021
LPESP014,Linux,Production,Spain,014
LPFRA007,Linux,Production,France,007
LSNOR004,Linux,Staging,Norway,004
SPITA014,Solaris,Production,Italy,014
SPFRA006,Solaris,Production,France,006
SPIRL010,Solaris,Production,Ireland,010
HIITA002,HP-UX,Integration,Italy,002
LSDEU014,Linux,Staging,Germany,014
SSIRL012,Solaris,Staging,Ireland,012
LSIRL021,Linux,Staging,Ireland,021
AIITA002,AIX,Integration,Italy,002
SPDEU011,Solaris,Production,Germany,011
APITA010,AIX,Production,Italy,010
LINOR002,Linux,Integration,Norway,002
HDESP001,HP-UX,Development,Spain,001
LSIRL022,Linux,Staging,Ireland,022
SSDEU007,Solaris,Staging,Germany,007
ADIRL004,AIX,Development,Ireland,004
STITA007,Solaris,Testing,Italy,007
LTIRL022,Linux,Testing,Ireland,022
LPITA012,Linux,Production,Italy,012
SSDEU008,Solaris,Staging,Germany,008
ASIRL007,AIX,Staging,Ireland,007
STDEU012,Solaris,Testing,Germany,012
LSESP017,Linux,Staging,Spain,017
LTESP013,Linux,Testing,Spain,013
ASESP004,AIX,Staging,Spain,004
ATNOR003,AIX,Testing,Norway,003
LDDEU005,Linux,Development,Germany,005
SSITA008,Solaris,Staging,Italy,008
LSITA006,Linux,Staging,Italy,006
SSITA009,Solaris,Staging,Italy,009
LSESP018,Linux,Staging,Spain,018
APITA011,AIX,Production,Italy,011
HTITA004,HP-UX,Testing,Italy,004
SDIRL006,Solaris,Development,Ireland,006
HSITA001,HP-UX,Staging,Italy,001
APIRL017,AIX,Production,Ireland,017
SSIRL013,Solaris,Staging,Ireland,013
LPDEU016,Linux,Production,Germany,016
HPESP006,HP-UX,Production,Spain,006
SPDEU012,Solaris,Production,Germany,012
STDEU013,Solaris,Testing,Germany,013
SPDEU013,Solaris,Production,Germany,013
LTITA012,Linux,Testing,Italy,012
ASIRL008,AIX,Staging,Ireland,008
LSESP019,Linux,Staging,Spain,019
AIIRL004,AIX,Integration,Ireland,004
LPESP015,Linux,Production,Spain,015
HIDEU002,HP-UX,Integration,Germany,002
SPITA015,Solaris,Production,Italy,015
STITA008,Solaris,Testing,Italy,008
APIRL018,AIX,Production,Ireland,018
LSIRL023,Linux,Staging,Ireland,023
HDITA002,HP-UX,Development,Italy,002
HPIRL005,HP-UX,Production,Ireland,005
APIRL019,AIX,Production,Ireland,019
AIITA003,AIX,Integration,Italy,003
STITA009,Solaris,Testing,Italy,009
LTITA013,Linux,Testing,Italy,013
SSFRA010,Solaris,Staging,France,010
SPIRL011,Solaris,Production,Ireland,011
LTIRL023,Linux,Testing,Ireland,023
HSFRA002,HP-UX,Staging,France,002
SDIRL007,Solaris,Development,Ireland,007
LPDEU017,Linux,Production,Germany,017
LDDEU006,Linux,Development,Germany,006
LTIRL024,Linux,Testing,Ireland,024
APFRA006,AIX,Production,France,006
ADESP003,AIX,Development,Spain,003
AIITA004,AIX,Integration,Italy,004
SPDEU014,Solaris,Production,Germany,014
SPDEU015,Solaris,Production,Germany,015
LIDEU007,Linux,Integration,Germany,007
LPNOR002,Linux,Production,Norway,002
STIRL013,Solaris,Testing,Ireland,013
LPIRL019,Linux,Production,Ireland,019
LSESP020,Linux,Staging,Spain,020
AIDEU004,AIX,Integration,Germany,004
SIFRA003,Solaris,Integration,France,003
SSESP007,Solaris,Staging,Spain,007
LPIRL020,Linux,Production,Ireland,020
LSIRL024,Linux,Staging,Ireland,024
LPITA013,Linux,Production,Italy,013
HPIRL006,HP-UX,Production,Ireland,006
LSIRL025,Linux,Staging,Ireland,025
APIRL020,AIX,Production,Ireland,020
ASESP005,AIX,Staging,Spain,005
LSESP021,Linux,Staging,Spain,021
LPDEU018,Linux,Production,Germany,018
ASFRA002,AIX,Staging,France,002
SPIRL012,Solaris,Production,Ireland,012
LIESP004,Linux,Integration,Spain,004
LSDEU015,Linux,Staging,Germany,015
SSESP008,Solaris,Staging,Spain,008
SDIRL008,Solaris,Development,Ireland,008
LSIRL026,Linux,Staging,Ireland,026
SPNOR004,Solaris,Production,Norway,004
LPITA014,Linux,Production,Italy,014
APFRA007,AIX,Production,France,007
LTIRL025,Linux,Testing,Ireland,025
LPIRL021,Linux,Production,Ireland,021
LDITA004,Linux,Development,Italy,004
ATDEU008,AIX,Testing,Germany,008
LSITA007,Linux,Staging,Italy,007
LTIRL026,Linux,Testing,Ireland,026
AIDEU005,AIX,Integration,Germany,005
ASIRL009,AIX,Staging,Ireland,009
HPDEU004,HP-UX,Production,Germany,004
LIIRL007,Linux,Integration,Ireland,007
ATDEU009,AIX,Testing,Germany,009
LPIRL022,Linux,Production,Ireland,022
LPIRL023,Linux,Production,Ireland,023
APIRL021,AIX,Production,Ireland,021
ATDEU010,AIX,Testing,Germany,010
AIIRL005,AIX,Integration,Ireland,005
SPIRL013,Solaris,Production,Ireland,013
STDEU014,Solaris,Testing,Germany,014
LDIRL008,Linux,Development,Ireland,008
LTESP014,Linux,Testing,Spain,014
SPNOR005,Solaris,Production,Norway,005
LTDEU016,Linux,Testing,Germany,016
STDEU015,Solaris,Testing,Germany,015
APDEU007,AIX,Production,Germany,007
LTIRL027,Linux,Testing,Ireland,027
LSIRL027,Linux,Staging,Ireland,027
HSITA002,HP-UX,Staging,Italy,002
LPIRL024,Linux,Production,Ireland,024
LSNOR005,Linux,Staging,Norway,005
SPNOR006,Solaris,Production,Norway,006
LTDEU017,Linux,Testing,Germany,017
ATESP005,AIX,Testing,Spain,005
LIESP005,Linux,Integration,Spain,005
SDITA005,Solaris,Development,Italy,005
LTDEU018,Linux,Testing,Germany,018
SDITA006,Solaris,Development,Italy,006
AIDEU006,AIX,Integration,Germany,006
ASDEU009,AIX,Staging,Germany,009
SIIRL004,Solaris,Integration,Ireland,004
HSESP005,HP-UX,Staging,Spain,005
LPDEU019,Linux,Production,Germany,019
LSITA008,Linux,Staging,Italy,008
LSITA009,Linux,Staging,Italy,009
HPFRA005,HP-UX,Production,France,005
LTDEU019,Linux,Testing,Germany,019
SDIRL009,Solaris,Development,Ireland,009
LSESP022,Linux,Staging,Spain,022
ADDEU004,AIX,Development,Germany,004
HSIRL004,HP-UX,Staging,Ireland,004
ADITA003,AIX,Development,Italy,003
LSNOR006,Linux,Staging,Norway,006
SIESP003,Solaris,Integration,Spain,003
STIRL014,Solaris,Testing,Ireland,014
LPFRA008,Linux,Production,France,008
ASDEU010,AIX,Staging,Germany,010
LDIRL009,Linux,Development,Ireland,009
ADDEU005,AIX,Development,Germany,005
LTESP015,Linux,Testing,Spain,015
HSDEU001,HP-UX,Staging,Germany,001
LSIRL028,Linux,Staging,Ireland,028
ASIRL010,AIX,Staging,Ireland,010
LTIRL028,Linux,Testing,Ireland,028
LTDEU020,Linux,Testing,Germany,020
ATIRL014,AIX,Testing,Ireland,014
LTITA014,Linux,Testing,Italy,014
LTESP016,Linux,Testing,Spain,016
ADDEU006,AIX,Development,Germany,006
LSIRL029,Linux,Staging,Ireland,029
LPESP016,Linux,Production,Spain,016
ASFRA003,AIX,Staging,France,003
LTIRL029,Linux,Testing,Ireland,029
LSESP023,Linux,Staging,Spain,023
LPESP017,Linux,Production,Spain,017
LDITA005,Linux,Development,Italy,005
LTESP017,Linux,Testing,Spain,017
LPDEU020,Linux,Production,Germany,020
HPDEU005,HP-UX,Production,Germany,005
SSDEU009,Solaris,Staging,Germany,009
LDIRL010,Linux,Development,Ireland,010
SPITA016,Solaris,Production,Italy,016
STDEU016,Solaris,Testing,Germany,016
LTNOR007,Linux,Testing,Norway,007
LDFRA005,Linux,Development,France,005
ATESP006,AIX,Testing,Spain,006
ASESP006,AIX,Staging,Spain,006
SPFRA007,Solaris,Production,France,007
SSDEU010,Solaris,Staging,Germany,010
LDIRL011,Linux,Development,Ireland,011
STITA010,Solaris,Testing,Italy,010
ADDEU007,AIX,Development,Germany,007
APIRL022,AIX,Production,Ireland,022
STITA011,Solaris,Testing,Italy,011
ATDEU011,AIX,Testing,Germany,011
LPDEU021,Linux,Production,Germany,021
LIFRA002,Linux,Integration,France,002
SPIRL014,Solaris,Production,Ireland,014
ATIRL015,AIX,Testing,Ireland,015
LSIRL030,Linux,Staging,Ireland,030
LIITA005,Linux,Integration,Italy,005
SPITA017,Solaris,Production,Italy,017
LIESP006,Linux,Integration,Spain,006
ADDEU008,AIX,Development,Germany,008
HTDEU002,HP-UX,Testing,Germany,002
SPIRL015,Solaris,Production,Ireland,015
SSESP009,Solaris,Staging,Spain,009
LPITA015,Linux,Production,Italy,015
LTITA015,Linux,Testing,Italy,015
SSESP010,Solaris,Staging,Spain,010
LTESP018,Linux,Testing,Spain,018
LTDEU021,Linux,Testing,Germany,021
SPIRL016,Solaris,Production,Ireland,016
LTDEU022,Linux,Testing,Germany,022
LPFRA009,Linux,Production,France,009
SSDEU011,Solaris,Staging,Germany,011
APDEU008,AIX,Production,Germany,008
APDEU009,AIX,Production,Germany,009
STITA012,Solaris,Testing,Italy,012
LSITA010,Linux,Staging,Italy,010
HIDEU003,HP-UX,Integration,Germany,003
APESP004,AIX,Production,Spain,004
SSDEU012,Solaris,Staging,Germany,012
LSIRL031,Linux,Staging,Ireland,031
HSIRL005,HP-UX,Staging,Ireland,005
APIRL023,AIX,Production,Ireland,023
LTDEU023,Linux,Testing,Germany,023
SPIRL017,Solaris,Production,Ireland,017
LPIRL025,Linux,Production,Ireland,025
LTITA016,Linux,Testing,Italy,016
LPIRL026,Linux,Production,Ireland,026
LPITA016,Linux,Production,Italy,016
HTIRL006,HP-UX,Testing,Ireland,006
LTDEU024,Linux,Testing,Germany,024
HSIRL006,HP-UX,Staging,Ireland,006
LSITA011,Linux,Staging,Italy,011
ATESP007,AIX,Testing,Spain,007
HPESP007,HP-UX,Production,Spain,007
LPDEU022,Linux,Production,Germany,022
LTIRL030,Linux,Testing,Ireland,030
LTESP019,Linux,Testing,Spain,019
STDEU017,Solaris,Testing,Germany,017
HDNOR002,HP-UX,Development,Norway,002
HDITA003,HP-UX,Development,Italy,003
SSESP011,Solaris,Staging,Spain,011
ASDEU011,AIX,Staging,Germany,011
SSITA010,Solaris,Staging,Italy,010
LIITA006,Linux,Integration,Italy,006
LDDEU007,Linux,Development,Germany,007
AIIRL006,AIX,Integration,Ireland,006
LSDEU016,Linux,Staging,Germany,016
LPITA017,Linux,Production,Italy,017
LDDEU008,Linux,Development,Germany,008
LTIRL031,Linux,Testing,Ireland,031
LPITA018,Linux,Production,Italy,018
SSIRL014,Solaris,Staging,Ireland,014
APITA012,AIX,Production,Italy,012
SSDEU013,Solaris,Staging,Germany,013
APESP005,AIX,Production,Spain,005
LPDEU023,Linux,Production,Germany,023
SPDEU016,Solaris,Production,Germany,016
ADIRL005,AIX,Development,Ireland,005
ASIRL011,AIX,Staging,Ireland,011
SSNOR001,Solaris,Staging,Norway,001
STESP009,Solaris,Testing,Spain,009
LPITA019,Linux,Production,Italy,019
ATITA006,AIX,Testing,Italy,006
SSIRL015,Solaris,Staging,Ireland,015
SIDEU004,Solaris,Integration,Germany,004
LPDEU024,Linux,Production,Germany,024
ASDEU012,AIX,Staging,Germany,012
SDIRL010,Solaris,Development,Ireland,010
LPIRL027,Linux,Production,Ireland,027
LTESP020,Linux,Testing,Spain,020
SSIRL016,Solaris,Staging,Ireland,016
STIRL015,Solaris,Testing,Ireland,015
LSIRL032,Linux,Staging,Ireland,032
HTIRL007,HP-UX,Testing,Ireland,007
ATESP008,AIX,Testing,Spain,008
STESP010,Solaris,Testing,Spain,010
SPIRL018,Solaris,Production,Ireland,018
LPIRL028,Linux,Production,Ireland,028
ASDEU013,AIX,Staging,Germany,013
SPNOR007,Solaris,Production,Norway,007
LTIRL032,Linux,Testing,Ireland,032
LPDEU025,Linux,Production,Germany,025
ATIRL016,AIX,Testing,Ireland,016
LSITA012,Linux,Staging,Italy,012
HTDEU003,HP-UX,Testing,Germany,003
AIITA005,AIX,Integration,Italy,005
LTIRL033,Linux,Testing,Ireland,033
LSNOR007,Linux,Staging,Norway,007
APITA013,AIX,Production,Italy,013
LDIRL012,Linux,Development,Ireland,012
LPIRL029,Linux,Production,Ireland,029
LTESP021,Linux,Testing,Spain,021
STDEU018,Solaris,Testing,Germany,018
HTIRL008,HP-UX,Testing,Ireland,008
ATDEU012,AIX,Testing,Germany,012
LSIRL033,Linux,Staging,Ireland,033
LDDEU009,Linux,Development,Germany,009
SDESP005,Solaris,Development,Spain,005
LDDEU010,Linux,Development,Germany,010
LTIRL034,Linux,Testing,Ireland,034
HPNOR002,HP-UX,Production,Norway,002
SPITA018,Solaris,Production,Italy,018
ADDEU009,AIX,Development,Germany,009
LIIRL008,Linux,Integration,Ireland,008
LIDEU008,Linux,Integration,Germany,008
ATDEU013,AIX,Testing,Germany,013
LTDEU025,Linux,Testing,Germany,025
APDEU010,AIX,Production,Germany,010
APIRL024,AIX,Production,Ireland,024
LTDEU026,Linux,Testing,Germany,026
LPDEU026,Linux,Production,Germany,026
SPDEU017,Solaris,Production,Germany,017
LSNOR008,Linux,Staging,Norway,008
APITA014,AIX,Production,Italy,014
STIRL016,Solaris,Testing,Ireland,016
ATDEU014,AIX,Testing,Germany,014
LSIRL034,Linux,Staging,Ireland,034
LTITA017,Linux,Testing,Italy,017
LPESP018,Linux,Production,Spain,018
STITA013,Solaris,Testing,Italy,013
STIRL017,Solaris,Testing,Ireland,017
APDEU011,AIX,Production,Germany,011
SSDEU014,Solaris,Staging,Germany,014
ADDEU010,AIX,Development,Germany,010
LPDEU027,Linux,Production,Germany,027
LTDEU027,Linux,Testing,Germany,027
LDNOR002,Linux,Development,Norway,002
SSDEU015,Solaris,Staging,Germany,015
SPIRL019,Solaris,Production,Ireland,019
SDESP006,Solaris,Development,Spain,006
SSIRL017,Solaris,Staging,Ireland,017
LTDEU028,Linux,Testing,Germany,028
LPFRA010,Linux,Production,France,010
STESP011,Solaris,Testing,Spain,011
LTITA018,Linux,Testing,Italy,018
SIDEU005,Solaris,Integration,Germany,005
SIITA002,Solaris,Integration,Italy,002
LPIRL030,Linux,Production,Ireland,030
LSESP024,Linux,Staging,Spain,024
SSDEU016,Solaris,Staging,Germany,016
LDESP006,Linux,Development,Spain,006
LSDEU017,Linux,Staging,Germany,017
LSESP025,Linux,Staging,Spain,025
LIDEU009,Linux,Integration,Germany,009
APDEU012,AIX,Production,Germany,012
SPDEU018,Solaris,Production,Germany,018
LPITA020,Linux,Production,Italy,020
STITA014,Solaris,Testing,Italy,014
SPIRL020,Solaris,Production,Ireland,020
HTESP003,HP-UX,Testing,Spain,003
ASITA005,AIX,Staging,Italy,005
APESP006,AIX,Production,Spain,006
ATIRL017,AIX,Testing,Ireland,017
HIIRL001,HP-UX,Integration,Ireland,001
SPFRA008,Solaris,Production,France,008
AIIRL007,AIX,Integration,Ireland,007
SSESP012,Solaris,Staging,Spain,012
HSIRL007,HP-UX,Staging,Ireland,007
SSDEU017,Solaris,Staging,Germany,017
APDEU013,AIX,Production,Germany,013
APIRL025,AIX,Production,Ireland,025
LSFRA004,Linux,Staging,France,004
LPESP019,Linux,Production,Spain,019
LDIRL013,Linux,Development,Ireland,013
LDDEU011,Linux,Development,Germany,011
SSNOR002,Solaris,Staging,Norway,002
LPDEU028,Linux,Production,Germany,028
LPIRL031,Linux,Production,Ireland,031
SIDEU006,Solaris,Integration,Germany,006
LSDEU018,Linux,Staging,Germany,018
SSESP013,Solaris,Staging,Spain,013
ASIRL012,AIX,Staging,Ireland,012
LTDEU029,Linux,Testing,Germany,029
LSIRL035,Linux,Staging,Ireland,035
ATFRA004,AIX,Testing,France,004
LTESP022,Linux,Testing,Spain,022
SDNOR003,Solaris,Development,Norway,003
LPITA021,Linux,Production,Italy,021
LSESP026,Linux,Staging,Spain,026
LPIRL032,Linux,Production,Ireland,032
AIDEU007,AIX,Integration,Germany,007
LTESP023,Linux,Testing,Spain,023
LTFRA006,Linux,Testing,France,006
SPDEU019,Solaris,Production,Germany,019
ASESP007,AIX,Staging,Spain,007
LTESP024,Linux,Testing,Spain,024
APIRL026,AIX,Production,Ireland,026
HPESP008,HP-UX,Production,Spain,008
LSIRL036,Linux,Staging,Ireland,036
APFRA008,AIX,Production,France,008
HSITA003,HP-UX,Staging,Italy,003
APIRL027,AIX,Production,Ireland,027
SIITA003,Solaris,Integration,Italy,003
LTIRL035,Linux,Testing,Ireland,035
ASITA006,AIX,Staging,Italy,006
LSDEU019,Linux,Staging,Germany,019
LSDEU020,Linux,Staging,Germany,020
LSITA013,Linux,Staging,Italy,013
LSIRL037,Linux,Staging,Ireland,037
LIITA007,Linux,Integration,Italy,007
LTITA019,Linux,Testing,Italy,019
LTDEU030,Linux,Testing,Germany,030
ASITA007,AIX,Staging,Italy,007
SPDEU020,Solaris,Production,Germany,020
ATESP009,AIX,Testing,Spain,009
LPDEU029,Linux,Production,Germany,029
ATIRL018,AIX,Testing,Ireland,018
APIRL028,AIX,Production,Ireland,028
LTNOR008,Linux,Testing,Norway,008
ATIRL019,AIX,Testing,Ireland,019
LDIRL014,Linux,Development,Ireland,014
LDDEU012,Linux,Development,Germany,012
AIIRL008,AIX,Integration,Ireland,008
LIIRL009,Linux,Integration,Ireland,009
APESP007,AIX,Production,Spain,007
ADFRA002,AIX,Development,France,002
SPIRL021,Solaris,Production,Ireland,021
ATNOR004,AIX,Testing,Norway,004
SSESP014,Solaris,Staging,Spain,014
LDITA006,Linux,Development,Italy,006
LSDEU021,Linux,Staging,Germany,021
STDEU019,Solaris,Testing,Germany,019
SDIRL011,Solaris,Development,Ireland,011
LPITA022,Linux,Production,Italy,022
LPIRL033,Linux,Production,Ireland,033
HPDEU006,HP-UX,Production,Germany,006
LPESP020,Linux,Production,Spain,020
LPESP021,Linux,Production,Spain,021
HTFRA002,HP-UX,Testing,France,002
LTITA020,Linux,Testing,Italy,020
ASESP008,AIX,Staging,Spain,008
STIRL018,Solaris,Testing,Ireland,018
SSIRL018,Solaris,Staging,Ireland,018
LPITA023,Linux,Production,Italy,023
APDEU014,AIX,Production,Germany,014
SSIRL019,Solaris,Staging,Ireland,019
LTESP025,Linux,Testing,Spain,025
LPFRA011,Linux,Production,France,011
SIIRL005,Solaris,Integration,Ireland,005
STIRL019,Solaris,Testing,Ireland,019
LSESP027,Linux,Staging,Spain,027
LPDEU030,Linux,Production,Germany,030
LPESP022,Linux,Production,Spain,022
STIRL020,Solaris,Testing,Ireland,020
LSITA014,Linux,Staging,Italy,014
LPNOR003,Linux,Production,Norway,003
SSFRA011,Solaris,Staging,France,011
LDNOR003,Linux,Development,Norway,003
HSFRA003,HP-UX,Staging,France,003
LSITA015,Linux,Staging,Italy,015
SIIRL006,Solaris,Integration,Ireland,006
LPIRL034,Linux,Production,Ireland,034
LIITA008,Linux,Integration,Italy,008
LSITA016,Linux,Staging,Italy,016
LPITA024,Linux,Production,Italy,024
STITA015,Solaris,Testing,Italy,015
LSESP028,Linux,Staging,Spain,028
LPIRL035,Linux,Production,Ireland,035
ASIRL013,AIX,Staging,Ireland,013
APESP008,AIX,Production,Spain,008
STITA016,Solaris,Testing,Italy,016
SSIRL020,Solaris,Staging,Ireland,020
APNOR003,AIX,Production,Norway,003
LTIRL036,Linux,Testing,Ireland,036
SPDEU021,Solaris,Production,Germany,021
STDEU020,Solaris,Testing,Germany,020
STESP012,Solaris,Testing,Spain,012
ASIRL014,AIX,Staging,Ireland,014
LPFRA012,Linux,Production,France,012
ASDEU014,AIX,Staging,Germany,014
STESP013,Solaris,Testing,Spain,013
SPESP013,Solaris,Production,Spain,013
LPFRA013,Linux,Production,France,013
APDEU015,AIX,Production,Germany,015
LPIRL036,Linux,Production,Ireland,036
ASDEU015,AIX,Staging,Germany,015
LSDEU022,Linux,Staging,Germany,022
LTITA021,Linux,Testing,Italy,021
LIDEU010,Linux,Integration,Germany,010
LTIRL037,Linux,Testing,Ireland,037
LPESP023,Linux,Production,Spain,023
LDESP007,Linux,Development,Spain,007
STDEU021,Solaris,Testing,Germany,021
ATIRL020,AIX,Testing,Ireland,020
ASESP009,AIX,Staging,Spain,009
STIRL021,Solaris,Testing,Ireland,021
LTFRA007,Linux,Testing,France,007
LIITA009,Linux,Integration,Italy,009
SSITA011,Solaris,Staging,Italy,011
SPIRL022,Solaris,Production,Ireland,022
LTIRL038,Linux,Testing,Ireland,038
APNOR004,AIX,Production,Norway,004
AIIRL009,AIX,Integration,Ireland,009
STITA017,Solaris,Testing,Italy,017
LPDEU031,Linux,Production,Germany,031
ASFRA004,AIX,Staging,France,004
SPIRL023,Solaris,Production,Ireland,023
LSESP029,Linux,Staging,Spain,029
STIRL022,Solaris,Testing,Ireland,022
STDEU022,Solaris,Testing,Germany,022
ATESP010,AIX,Testing,Spain,010
ASIRL015,AIX,Staging,Ireland,015
LSESP030,Linux,Staging,Spain,030
LSITA017,Linux,Staging,Italy,017
APNOR005,AIX,Production,Norway,005
HSITA004,HP-UX,Staging,Italy,004
LSIRL038,Linux,Staging,Ireland,038
LPDEU032,Linux,Production,Germany,032
LIDEU011,Linux,Integration,Germany,011
LDIRL015,Linux,Development,Ireland,015
ATFRA005,AIX,Testing,France,005
APIRL029,AIX,Production,Ireland,029
SSNOR003,Solaris,Staging,Norway,003
LIITA010,Linux,Integration,Italy,010
APNOR006,AIX,Production,Norway,006
ADITA004,AIX,Development,Italy,004
STNOR001,Solaris,Testing,Norway,001
HSDEU002,HP-UX,Staging,Germany,002
APDEU016,AIX,Production,Germany,016
ATDEU015,AIX,Testing,Germany,015
SPDEU022,Solaris,Production,Germany,022
HIDEU004,HP-UX,Integration,Germany,004
ASNOR003,AIX,Staging,Norway,003
STDEU023,Solaris,Testing,Germany,023
STDEU024,Solaris,Testing,Germany,024
LSITA018,Linux,Staging,Italy,018
LPITA025,Linux,Production,Italy,025
LPFRA014,Linux,Production,France,014
ASFRA005,AIX,Staging,France,005
ATITA007,AIX,Testing,Italy,007
HTIRL009,HP-UX,Testing,Ireland,009
SPITA019,Solaris,Production,Italy,019
LPITA026,Linux,Production,Italy,026
LTITA022,Linux,Testing,Italy,022
ASIRL016,AIX,Staging,Ireland,016
SPESP014,Solaris,Production,Spain,014
SPIRL024,Solaris,Production,Ireland,024
ASFRA006,AIX,Staging,France,006
STITA018,Solaris,Testing,Italy,018
LTITA023,Linux,Testing,Italy,023
LIIRL010,Linux,Integration,Ireland,010
SPIRL025,Solaris,Production,Ireland,025
ADDEU011,AIX,Development,Germany,011
LTIRL039,Linux,Testing,Ireland,039
SSESP015,Solaris,Staging,Spain,015
LIESP007,Linux,Integration,Spain,007
LTIRL040,Linux,Testing,Ireland,040
ASESP010,AIX,Staging,Spain,010
SPIRL026,Solaris,Production,Ireland,026
SSITA012,Solaris,Staging,Italy,012
LPIRL037,Linux,Production,Ireland,037
LTDEU031,Linux,Testing,Germany,031
LINOR003,Linux,Integration,Norway,003
SSDEU018,Solaris,Staging,Germany,018
LTDEU032,Linux,Testing,Germany,032
LTITA024,Linux,Testing,Italy,024
APESP009,AIX,Production,Spain,009
ASESP011,AIX,Staging,Spain,011
HTIRL010,HP-UX,Testing,Ireland,010
LSESP031,Linux,Staging,Spain,031
LPITA027,Linux,Production,Italy,027
SSIRL021,Solaris,Staging,Ireland,021
LSITA019,Linux,Staging,Italy,019
ATDEU016,AIX,Testing,Germany,016
SPITA020,Solaris,Production,Italy,020
SIIRL007,Solaris,Integration,Ireland,007
SPESP015,Solaris,Production,Spain,015
HPESP009,HP-UX,Production,Spain,009
LPIRL038,Linux,Production,Ireland,038
LPITA028,Linux,Production,Italy,028
LSDEU023,Linux,Staging,Germany,023
SPDEU023,Solaris,Production,Germany,023
LSITA020,Linux,Staging,Italy,020
STDEU025,Solaris,Testing,Germany,025
APIRL030,AIX,Production,Ireland,030
LTESP026,Linux,Testing,Spain,026
ADIRL006,AIX,Development,Ireland,006
STIRL023,Solaris,Testing,Ireland,023
ATFRA006,AIX,Testing,France,006
LDDEU013,Linux,Development,Germany,013
STDEU026,Solaris,Testing,Germany,026
LSDEU024,Linux,Staging,Germany,024
SIDEU007,Solaris,Integration,Germany,007
LPITA029,Linux,Production,Italy,029
APNOR007,AIX,Production,Norway,007
SSESP016,Solaris,Staging,Spain,016
STDEU027,Solaris,Testing,Germany,027
LPESP024,Linux,Production,Spain,024
LSDEU025,Linux,Staging,Germany,025
LPDEU033,Linux,Production,Germany,033
SSIRL022,Solaris,Staging,Ireland,022
ASIRL017,AIX,Staging,Ireland,017
SPDEU024,Solaris,Production,Germany,024
LTIRL041,Linux,Testing,Ireland,041
SPIRL027,Solaris,Production,Ireland,027
SPITA021,Solaris,Production,Italy,021
LIFRA003,Linux,Integration,France,003
ATFRA007,AIX,Testing,France,007
SPESP016,Solaris,Production,Spain,016
HSIRL008,HP-UX,Staging,Ireland,008
LPFRA015,Linux,Production,France,015
STNOR002,Solaris,Testing,Norway,002
LTESP027,Linux,Testing,Spain,027
LDESP008,Linux,Development,Spain,008
SSESP017,Solaris,Staging,Spain,017
LTNOR009,Linux,Testing,Norway,009
LTFRA008,Linux,Testing,France,008
ATIRL021,AIX,Testing,Ireland,021
LIIRL011,Linux,Integration,Ireland,011
LSITA021,Linux,Staging,Italy,021
LDITA007,Linux,Development,Italy,007
STIRL024,Solaris,Testing,Ireland,024
LPITA030,Linux,Production,Italy,030
HSNOR002,HP-UX,Staging,Norway,002
STDEU028,Solaris,Testing,Germany,028
LTIRL042,Linux,Testing,Ireland,042
LPDEU034,Linux,Production,Germany,034
AIIRL010,AIX,Integration,Ireland,010
ASIRL018,AIX,Staging,Ireland,018
LPDEU035,Linux,Production,Germany,035
LDITA008,Linux,Development,Italy,008
SSESP018,Solaris,Staging,Spain,018
SIIRL008,Solaris,Integration,Ireland,008
LTITA025,Linux,Testing,Italy,025
LTNOR010,Linux,Testing,Norway,010
SDIRL012,Solaris,Development,Ireland,012
SPIRL028,Solaris,Production,Ireland,028
LSITA022,Linux,Staging,Italy,022
AIIRL011,AIX,Integration,Ireland,011
LTESP028,Linux,Testing,Spain,028
LSITA023,Linux,Staging,Italy,023
SSDEU019,Solaris,Staging,Germany,019
LPIRL039,Linux,Production,Ireland,039
SPIRL029,Solaris,Production,Ireland,029
LSIRL039,Linux,Staging,Ireland,039
LTDEU033,Linux,Testing,Germany,033
ATIRL022,AIX,Testing,Ireland,022
APESP010,AIX,Production,Spain,010
LTITA026,Linux,Testing,Italy,026
ATIRL023,AIX,Testing,Ireland,023
STIRL025,Solaris,Testing,Ireland,025
SSDEU020,Solaris,Staging,Germany,020
ATIRL024,AIX,Testing,Ireland,024
APIRL031,AIX,Production,Ireland,031
ASITA008,AIX,Staging,Italy,008
SSFRA012,Solaris,Staging,France,012
LSIRL040,Linux,Staging,Ireland,040
ASFRA007,AIX,Staging,France,007
ASITA009,AIX,Staging,Italy,009
SDIRL013,Solaris,Development,Ireland,013
SPIRL030,Solaris,Production,Ireland,030
LSESP032,Linux,Staging,Spain,032
LIFRA004,Linux,Integration,France,004
LPIRL040,Linux,Production,Ireland,040
LPDEU036,Linux,Production,Germany,036
ASITA010,AIX,Staging,Italy,010
HSESP006,HP-UX,Staging,Spain,006
HSITA005,HP-UX,Staging,Italy,005
LSESP033,Linux,Staging,Spain,033
HSITA006,HP-UX,Staging,Italy,006
ASDEU016,AIX,Staging,Germany,016
LSDEU026,Linux,Staging,Germany,026
SSIRL023,Solaris,Staging,Ireland,023
ATESP011,AIX,Testing,Spain,011
LPESP025,Linux,Production,Spain,025
LPDEU037,Linux,Production,Germany,037
HTIRL011,HP-UX,Testing,Ireland,011
STIRL026,Solaris,Testing,Ireland,026
SPDEU025,Solaris,Production,Germany,025
HTESP004,HP-UX,Testing,Spain,004
ATFRA008,AIX,Testing,France,008
APDEU017,AIX,Production,Germany,017
ATITA008,AIX,Testing,Italy,008
HPITA006,HP-UX,Production,Italy,006
LSIRL041,Linux,Staging,Ireland,041
LTIRL043,Linux,Testing,Ireland,043
HSIRL009,HP-UX,Staging,Ireland,009
SSIRL024,Solaris,Staging,Ireland,024
LPITA031,Linux,Production,Italy,031
HTIRL012,HP-UX,Testing,Ireland,012
LSIRL042,Linux,Staging,Ireland,042
SSFRA013,Solaris,Staging,France,013
APIRL032,AIX,Production,Ireland,032
LSITA024,Linux,Staging,Italy,024
LTESP029,Linux,Testing,Spain,029
SSDEU021,Solaris,Staging,Germany,021
LSFRA005,Linux,Staging,France,005
SSITA013,Solaris,Staging,Italy,013
LSESP034,Linux,Staging,Spain,034
SPDEU026,Solaris,Production,Germany,026
ATDEU017,AIX,Testing,Germany,017
APIRL033,AIX,Production,Ireland,033
LIESP008,Linux,Integration,Spain,008
LDDEU014,Linux,Development,Germany,014
HSITA007,HP-UX,Staging,Italy,007
APIRL034,AIX,Production,Ireland,034
LIESP009,Linux,Integration,Spain,009
APNOR008,AIX,Production,Norway,008
HPITA007,HP-UX,Production,Italy,007
LPESP026,Linux,Production,Spain,026
LDESP009,Linux,Development,Spain,009
HDIRL004,HP-UX,Development,Ireland,004
SIFRA004,Solaris,Integration,France,004
SSIRL025,Solaris,Staging,Ireland,025
ATITA009,AIX,Testing,Italy,009
LTFRA009,Linux,Testing,France,009
HPIRL007,HP-UX,Production,Ireland,007
APDEU018,AIX,Production,Germany,018
SPITA022,Solaris,Production,Italy,022
SPIRL031,Solaris,Production,Ireland,031
HTDEU004,HP-UX,Testing,Germany,004
SPESP017,Solaris,Production,Spain,017
SSIRL026,Solaris,Staging,Ireland,026
SSITA014,Solaris,Staging,Italy,014
LIESP010,Linux,Integration,Spain,010
STESP014,Solaris,Testing,Spain,014
LIITA011,Linux,Integration,Italy,011
ASIRL019,AIX,Staging,Ireland,019
LSESP035,Linux,Staging,Spain,035
STESP015,Solaris,Testing,Spain,015
HSITA008,HP-UX,Staging,Italy,008
LPFRA016,Linux,Production,France,016
SSIRL027,Solaris,Staging,Ireland,027
LSIRL043,Linux,Staging,Ireland,043
LSESP036,Linux,Staging,Spain,036
LTESP030,Linux,Testing,Spain,030
LIIRL012,Linux,Integration,Ireland,012
STDEU029,Solaris,Testing,Germany,029
STESP016,Solaris,Testing,Spain,016
AIDEU008,AIX,Integration,Germany,008
HTESP005,HP-UX,Testing,Spain,005
STESP017,Solaris,Testing,Spain,017
LTIRL044,Linux,Testing,Ireland,044
STDEU030,Solaris,Testing,Germany,030
LDFRA006,Linux,Development,France,006
SSIRL028,Solaris,Staging,Ireland,028
LPDEU038,Linux,Production,Germany,038
SPFRA009,Solaris,Production,France,009
LIFRA005,Linux,Integration,France,005
LPIRL041,Linux,Production,Ireland,041
LSESP037,Linux,Staging,Spain,037
AIDEU009,AIX,Integration,Germany,009
ASDEU017,AIX,Staging,Germany,017
LPFRA017,Linux,Production,France,017
LPIRL042,Linux,Production,Ireland,042
LPESP027,Linux,Production,Spain,027
SPNOR008,Solaris,Production,Norway,008
HIIRL002,HP-UX,Integration,Ireland,002
LTITA027,Linux,Testing,Italy,027
SSIRL029,Solaris,Staging,Ireland,029
STIRL027,Solaris,Testing,Ireland,027
HPIRL008,HP-UX,Production,Ireland,008
STIRL028,Solaris,Testing,Ireland,028
SIIRL009,Solaris,Integration,Ireland,009
LPFRA018,Linux,Production,France,018
STDEU031,Solaris,Testing,Germany,031
SPIRL032,Solaris,Production,Ireland,032
STIRL029,Solaris,Testing,Ireland,029
SPESP018,Solaris,Production,Spain,018
APESP011,AIX,Production,Spain,011
LPESP028,Linux,Production,Spain,028
LSIRL044,Linux,Staging,Ireland,044
APDEU019,AIX,Production,Germany,019
ATDEU018,AIX,Testing,Germany,018
HSDEU003,HP-UX,Staging,Germany,003
LPIRL043,Linux,Production,Ireland,043
LTDEU034,Linux,Testing,Germany,034
SSIRL030,Solaris,Staging,Ireland,030
LPDEU039,Linux,Production,Germany,039
SIESP004,Solaris,Integration,Spain,004
HTIRL013,HP-UX,Testing,Ireland,013
HSDEU004,HP-UX,Staging,Germany,004
SSFRA014,Solaris,Staging,France,014
LSESP038,Linux,Staging,Spain,038
HDIRL005,HP-UX,Development,Ireland,005
SPIRL033,Solaris,Production,Ireland,033
SPIRL034,Solaris,Production,Ireland,034
HSIRL010,HP-UX,Staging,Ireland,010
SPESP019,Solaris,Production,Spain,019
LPITA032,Linux,Production,Italy,032
SDITA007,Solaris,Development,Italy,007
APESP012,AIX,Production,Spain,012
SPITA023,Solaris,Production,Italy,023
STITA019,Solaris,Testing,Italy,019
LPIRL044,Linux,Production,Ireland,044
APIRL035,AIX,Production,Ireland,035
LSDEU027,Linux,Staging,Germany,027
STDEU032,Solaris,Testing,Germany,032
STFRA005,Solaris,Testing,France,005
APIRL036,AIX,Production,Ireland,036
LSITA025,Linux,Staging,Italy,025
HPITA008,HP-UX,Production,Italy,008
LPITA033,Linux,Production,Italy,033
LSIRL045,Linux,Staging,Ireland,045
LTNOR011,Linux,Testing,Norway,011
SPDEU027,Solaris,Production,Germany,027
APNOR009,AIX,Production,Norway,009
ASNOR004,AIX,Staging,Norway,004
ADITA005,AIX,Development,Italy,005
HPITA009,HP-UX,Production,Italy,009
HTESP006,HP-UX,Testing,Spain,006
LSNOR009,Linux,Staging,Norway,009
LTESP031,Linux,Testing,Spain,031
ADITA006,AIX,Development,Italy,006
LDDEU015,Linux,Development,Germany,015
LSFRA006,Linux,Staging,France,006
SPNOR009,Solaris,Production,Norway,009
LTESP032,Linux,Testing,Spain,032
HPDEU007,HP-UX,Production,Germany,007
APIRL037,AIX,Production,Ireland,037
ADNOR001,AIX,Development,Norway,001
ATITA010,AIX,Testing,Italy,010
LDIRL016,Linux,Development,Ireland,016
SDESP007,Solaris,Development,Spain,007
APESP013,AIX,Production,Spain,013
LIESP011,Linux,Integration,Spain,011
LPITA034,Linux,Production,Italy,034
ATIRL025,AIX,Testing,Ireland,025
LDDEU016,Linux,Development,Germany,016
LPESP029,Linux,Production,Spain,029
SPITA024,Solaris,Production,Italy,024
LIESP012,Linux,Integration,Spain,012
LDNOR004,Linux,Development,Norway,004
LINOR004,Linux,Integration,Norway,004
LIIRL013,Linux,Integration,Ireland,013
SIIRL010,Solaris,Integration,Ireland,010
SDIRL014,Solaris,Development,Ireland,014
LPFRA019,Linux,Production,France,019
LSIRL046,Linux,Staging,Ireland,046
LPIRL045,Linux,Production,Ireland,045
LPFRA020,Linux,Production,France,020
HPIRL009,HP-UX,Production,Ireland,009
ASDEU018,AIX,Staging,Germany,018
SSIRL031,Solaris,Staging,Ireland,031
LPESP030,Linux,Production,Spain,030
HDIRL006,HP-UX,Development,Ireland,006
LPIRL046,Linux,Production,Ireland,046
SPDEU028,Solaris,Production,Germany,028
ASIRL020,AIX,Staging,Ireland,020
ASESP012,AIX,Staging,Spain,012
SPESP020,Solaris,Production,Spain,020
ASIRL021,AIX,Staging,Ireland,021
HPDEU008,HP-UX,Production,Germany,008
SSITA015,Solaris,Staging,Italy,015
SSDEU022,Solaris,Staging,Germany,022
LPDEU040,Linux,Production,Germany,040
SPDEU029,Solaris,Production,Germany,029
LDITA009,Linux,Development,Italy,009
HTDEU005,HP-UX,Testing,Germany,005
LPITA035,Linux,Production,Italy,035
LTDEU035,Linux,Testing,Germany,035
ASDEU019,AIX,Staging,Germany,019
SDESP008,Solaris,Development,Spain,008
APIRL038,AIX,Production,Ireland,038
LIIRL014,Linux,Integration,Ireland,014
SSFRA015,Solaris,Staging,France,015
APESP014,AIX,Production,Spain,014
SSDEU023,Solaris,Staging,Germany,023
LPFRA021,Linux,Production,France,021
LTESP033,Linux,Testing,Spain,033
AIIRL012,AIX,Integration,Ireland,012
LTIRL045,Linux,Testing,Ireland,045
LSESP039,Linux,Staging,Spain,039
STIRL030,Solaris,Testing,Ireland,030
LIESP013,Linux,Integration,Spain,013
HPITA010,HP-UX,Production,Italy,010
STITA020,Solaris,Testing,Italy,020
SDITA008,Solaris,Development,Italy,008
LDESP010,Linux,Development,Spain,010
SPFRA010,Solaris,Production,France,010
ATITA011,AIX,Testing,Italy,011
LPDEU041,Linux,Production,Germany,041
SDESP009,Solaris,Development,Spain,009
LSDEU028,Linux,Staging,Germany,028
HTIRL014,HP-UX,Testing,Ireland,014
SDITA009,Solaris,Development,Italy,009
LIFRA006,Linux,Integration,France,006
LDNOR005,Linux,Development,Norway,005
LTESP034,Linux,Testing,Spain,034
SSITA016,Solaris,Staging,Italy,016
SPESP021,Solaris,Production,Spain,021
LIESP014,Linux,Integration,Spain,014
SPIRL035,Solaris,Production,Ireland,035
HSITA009,HP-UX,Staging,Italy,009
LPIRL047,Linux,Production,Ireland,047
SSIRL032,Solaris,Staging,Ireland,032
HSESP007,HP-UX,Staging,Spain,007
LPESP031,Linux,Production,Spain,031
LTIRL046,Linux,Testing,Ireland,046
APITA015,AIX,Production,Italy,015
LTIRL047,Linux,Testing,Ireland,047
LTITA028,Linux,Testing,Italy,028
ATNOR005,AIX,Testing,Norway,005
SPNOR010,Solaris,Production,Norway,010
HSITA010,HP-UX,Staging,Italy,010
SPITA025,Solaris,Production,Italy,025
ADIRL007,AIX,Development,Ireland,007
APIRL039,AIX,Production,Ireland,039
LPITA036,Linux,Production,Italy,036
SSIRL033,Solaris,Staging,Ireland,033
ASIRL022,AIX,Staging,Ireland,022
AIIRL013,AIX,Integration,Ireland,013
LTIRL048,Linux,Testing,Ireland,048
APESP015,AIX,Production,Spain,015
LPFRA022,Linux,Production,France,022
APIRL040,AIX,Production,Ireland,040
LPESP032,Linux,Production,Spain,032
LIIRL015,Linux,Integration,Ireland,015
ATIRL026,AIX,Testing,Ireland,026
HSFRA004,HP-UX,Staging,France,004
STIRL031,Solaris,Testing,Ireland,031
